{
  "title": "rouxnicolas",
  "meta": [
    {
      "hid": "charset",
      "charset": "utf-8"
    },
    {
      "hid": "viewport",
      "name": "viewport",
      "content": "width=device-width, initial-scale=1"
    },
    {
      "hid": "mobile-web-app-capable",
      "name": "mobile-web-app-capable",
      "content": "yes"
    },
    {
      "hid": "apple-mobile-web-app-title",
      "name": "apple-mobile-web-app-title",
      "content": "rouxnicolas"
    },
    {
      "hid": "author",
      "name": "author",
      "content": "Nco9r"
    },
    {
      "hid": "description",
      "name": "description",
      "content": "Développeur web freelance et créateur de sites internet, refonte, intégration, référencement et stratégie digitale"
    },
    {
      "hid": "og:type",
      "name": "og:type",
      "property": "og:type",
      "content": "website"
    },
    {
      "hid": "og:title",
      "name": "og:title",
      "property": "og:title",
      "content": "rouxnicolas"
    },
    {
      "hid": "og:site_name",
      "name": "og:site_name",
      "property": "og:site_name",
      "content": "rouxnicolas"
    },
    {
      "hid": "og:description",
      "name": "og:description",
      "property": "og:description",
      "content": "Développeur web freelance et créateur de sites internet, refonte, intégration, référencement et stratégie digitale"
    }
  ],
  "link": [
    {
      "hid": "shortcut-icon",
      "rel": "shortcut icon",
      "href": "/_nuxt/icons/icon_64x64.682fec.png"
    },
    {
      "hid": "apple-touch-icon",
      "rel": "apple-touch-icon",
      "href": "/_nuxt/icons/icon_512x512.682fec.png",
      "sizes": "512x512"
    },
    {
      "rel": "manifest",
      "href": "/_nuxt/manifest.d641f1cc.json",
      "hid": "manifest"
    }
  ],
  "htmlAttrs": {
    "lang": "en"
  }
}
