[
  {
    "name": "contact",
    "path": "/contact",
    "component": "/Users/Nicolas/rouxnicolas/pages/contact.vue",
    "chunkName": "pages/contact",
    "_name": "_41c1f13d"
  },
  {
    "name": "mentions-legales",
    "path": "/mentions-legales",
    "component": "/Users/Nicolas/rouxnicolas/pages/mentions-legales/index.vue",
    "chunkName": "pages/mentions-legales/index",
    "_name": "_90147d4e"
  },
  {
    "name": "references",
    "path": "/references",
    "component": "/Users/Nicolas/rouxnicolas/pages/references.vue",
    "chunkName": "pages/references",
    "_name": "_04cbe47b"
  },
  {
    "name": "index",
    "path": "/",
    "component": "/Users/Nicolas/rouxnicolas/pages/index.vue",
    "chunkName": "pages/index",
    "_name": "_28932a2f"
  }
]
